{
 "actions": [],
 "allow_rename": 1,
 "creation": "2021-12-25 17:13:53.613944",
 "doctype": "DocType",
 "editable_grid": 1,
 "engine": "InnoDB",
 "field_order": [
  "photo"
 ],
 "fields": [
  {
   "fieldname": "photo",
   "fieldtype": "Attach",
   "in_list_view": 1,
   "label": "Photo",
   "reqd": 1
  }
 ],
 "index_web_pages_for_search": 1,
 "istable": 1,
 "links": [],
 "modified": "2021-12-25 17:25:40.131084",
 "modified_by": "Administrator",
 "module": "Datavalue Theme 15",
 "name": "Slideshow Photos",
 "owner": "Administrator",
 "permissions": [],
 "sort_field": "modified",
 "sort_order": "DESC"
}
